name,age,ethnicity,otherstuff,goodstuff
nate,15,latino,im writing some other stuff here,im writing some good stuff here
nate,15,latino,im writing some other stuff here,im writing some good stuff here
nate,15,latino,im writing some other stuff here,im writing some good stuff here
nate,15,latino,im writing some other stuff here,im writing some good stuff here
nate,15,latino,im writing some other stuff here,im writing some good stuff here
nate,15,latino,im writing some other stuff here,im writing some good stuff here
nate,15,latino,im writing some other stuff here,im writing some good stuff here
nate,15,latino,im writing some other stuff here,im writing some good stuff here
nate,15,latino,im writing some other stuff here,im writing some good stuff here
nate,15,latino,im writing some other stuff here,im writing some good stuff here
nate,15,latino,im writing some other stuff here,im writing some good stuff here
